Residue,Internal,van der Waals,Electrostatic,Polar Solvation,Non-Polar Solv.,TOTAL
LYS:6,26.98790147,-5.5078048,-83.53943067,48.56322707,0.485155707,-13.01095123
LEU:7,23.79020653,-7.170982533,-31.33166587,-2.364557467,0.00161213,-17.0753872
VAL:8,21.56368987,-5.9655032,-30.08413707,0.674764133,0.004847441,-13.80633883
SER:40,18.4590992,-2.482806667,-13.54217987,-5.743229867,0.205764087,-3.103353113
ASP:55,25.45724667,-4.485344667,-5.888952667,-73.8477712,0.053762964,-58.7110589
ILE:56,26.23980507,-6.362876,-7.949765867,-3.455678667,0.00744711,8.478931643
LEU:57,25.27149027,-5.844864267,-36.73229133,1.878832267,0.169052033,-15.25778103
TYR:65,26.008748,-1.735766,-25.3205332,-6.5223512,0.907487387,-6.662415013
ALA:67,15.3163944,-2.1576408,-1.5690124,-3.7434612,0.592776331,8.439056331
MET:68,23.2503992,-5.5313268,-0.40856,-3.0523944,0.626268741,14.88438674
GLN:71,31.70324253,-4.196120133,-78.1257584,-7.4219824,0.574764142,-57.46585426
TYR:72,26.54101773,-7.603949067,-26.93229827,-3.4419824,0.169121117,-11.26809088
THR:75,22.1662248,-2.454919333,-39.50888973,-3.952862533,0.394717284,-23.35572952
GLY:76,10.070556,-3.1535292,-14.60593787,0.421472267,0.006341745,-7.261097055
