Residue,Internal,van der Waals,Electrostatic,Polar Solvation,Non-Polar Solv.,TOTAL
MET:2,21.6159586,-3.7149802,-2.8538098,-5.5643016,0.707428401,10.1902954
GLN:23,31.8236136,-9.611606,-72.6501784,-7.452226,0.076767952,-57.81362885
LEU:24,26.4382488,-7.2280448,-29.70922173,-1.483824667,0.04617327,-11.93666913
ILE:25,26.7807988,-5.924592267,-11.89561427,-1.61526,0.085777648,7.431109915
GLN  26,30.895245,-4.1416724,-73.6023238,-9.3191212,0.459784626,-55.70808777
ASN:27,27.8338388,-3.3756296,-86.36249747,-8.9265392,0.593478212,-70.23734925
LYS:43,25.02633467,-4.7056088,-60.13018693,24.1135588,0.557189393,-15.13871287
GLN:44,31.38945387,-3.446486267,-71.498484,-12.3841796,0.816935317,-55.12276068
VAL:45,21.6972208,-4.005734933,-27.20934067,-1.022769333,0.142345874,-10.39827826
VAL:46,22.081236,-2.2110292,-23.41223907,-3.600195733,0.608180223,-6.534047777
ILE:47,24.9345726,-5.1450916,-15.2424894,-1.3157004,0.022360235,3.253651435
ASP:48,19.896458,-0.3339632,-8.8594404,-68.1994748,0.685481809,-56.81093859
THR:51,22.9254928,-3.9129202,-30.5173172,-5.115796,0.353950577,-16.26659002
ARG:150,30.3052812,-4.6061692,-251.5727444,51.1317644,0.578950897,-174.1629171
ASP:154,22.2404486,-3.6229856,3.5576976,-79.966821,0.295810963,-57.49584944
TYR:158,25.67353133,-5.8916604,-29.8009108,-3.000377467,0.353900844,-12.66551649
ARG:162,29.5056468,-5.3681456,-247.00196,40.5452804,0.724770588,-181.5944078
