Residue,Internal,van der Waals,Electrostatic,Polar Solvation,Non-Polar Solv.,TOTAL
LYS:6,26.48458853,-5.688568267,-66.2335188,33.7104952,0.49710759,-11.22989574
LEU:7,23.84154573,-7.160704933,-32.26418987,-1.7669628,0.000608636,-17.34970323
VAL:8,21.65645,-5.8910352,-29.56477333,0.510999067,0.001508621,-13.28685085
ILE:37,25.492732,-1.1989384,-8.1847344,-5.399912,0.617936509,11.32708371
GLU: 38,26.0771896,-1.3719666,64.4597852,-138.3312882,0.970483447,-48.19579655
ASP:39,23.3515076,-1.9788092,37.0747588,-112.7007284,0.545158705,-53.7081125
SER :40,18.5811768,-3.360615,-10.4160134,-7.2262192,0.161376888,-2.260293912
ARG :42,29.7865214,-3.5011186,-243.0104328,48.5748478,0.926239215,-167.223943
ASP:55,24.80931747,-5.3353316,-1.718525733,-73.68302413,0.096609429,-55.83095457
ILE:56,26.1885924,-5.977742667,-8.363768133,-3.106286533,0.016763925,8.757558992
LEU:57,25.503106,-6.737781733,-36.16529493,1.057544267,0.091409913,-16.25101649
ALA:60,14.3231188,-1.9702024,2.3364152,-5.6093964,0.435389386,9.515324586
TYR:65,25.2592068,-6.504274,-28.421178,-2.61438,0.127648405,-12.15297679
ALA:67,14.7905532,-1.2277536,-2.8596468,-3.1839388,0.652792536,8.172006536
MET:68,23.2842214,-5.9863404,-1.2344218,-1.6647826,0.367379094,14.76605569
GLN:71,31.6877064,-3.7197674,-74.8687558,-10.1592926,0.623335742,-56.43677366
TYR:72,26.85197653,-8.243693467,-27.55793533,-2.9253692,0.120677739,-11.75434373
THR:75,22.70618107,-2.253711733,-39.47326027,-4.372475333,0.461671956,-22.93159431
GLY:76,9.8668968,-2.986314933,-14.93919093,0.5099464,0.006144598,-7.542518069
GLU:77,24.5405284,-4.6089952,7.4792268,-77.9727432,0.317218936,-50.24476426
