Residue,Internal,van der Waals,Electrostatic,Polar Solvation,Non-Polar Solv.,TOTAL
LYS:6,26.91792787,-5.978807867,-79.76865547,45.73089987,0.416748736,-12.68188686
LEU:7,24.00487893,-7.1685484,-32.19500147,-1.834084,0.001408584,-17.19134635
VAL:8,21.77432413,-5.832364267,-29.7231776,0.706078533,0.005179388,-13.06995981
SER:40,18.32339587,-2.5434208,-11.62003533,-6.673337867,0.263255213,-2.250142921
ARG:42,29.5769836,-4.070348,-226.2882148,34.5490204,0.856376819,-165.376182
ASP:55,25.55039667,-4.5628612,-10.0003928,-70.0996872,0.042010523,-59.07053401
ILE:56,26.3579192,-6.4707624,-6.0913068,-4.5737632,0.022971672,9.245058472
LEU:57,25.5523,-6.574058133,-34.74834293,0.808784933,0.094198843,-14.86711729
MET:68,23.2985398,-4.7845112,-0.0420036,-2.9215974,0.603284132,16.15371173
GLN:71,31.3713272,-4.297244533,-77.7752752,-7.749604133,0.598553585,-57.85224308
TYR:72,26.1327136,-7.6197508,-26.814442,-3.355287333,0.191652036,-11.4651145
ARG:74,29.569806,-4.983232,-230.5069976,30.3209404,0.909902961,-174.6895802
THR:75,22.17212013,-2.2519128,-39.82582933,-3.725464667,0.419692411,-23.21139426
GLY:76,9.952645467,-3.0525896,-14.18780093,0.095899467,0.006707461,-7.185138139
GLU:77,24.6495952,-4.891552,10.23864,-80.8176664,0.338566473,-50.48241673
