Residue,Internal,van der Waals,Electrostatic,Polar Solvation,Non-Polar Solv.,TOTAL
LYS:6,26.588658,-4.7452092,-80.7917032,46.2022396,0.558013421,-12.18800138
VAL:46,21.8501784,-1.8791872,-23.8919588,-3.4262204,0.66917933,-6.67800867
ILE:47,24.8760704,-5.0377092,-13.709186,-1.9782188,0.024714305,4.175670705
ASP:48,20.0807356,-0.0944976,-14.2749064,-63.4735012,0.725721592,-57.03644801
LEU:57,24.5039248,-6.3727464,-34.8398584,0.7868192,0.096000077,-15.82586072
GLU:64,25.3876544,-0.2201544,29.0948024,-103.357072,1.129352746,-47.96541685
TYR:65,26.3809104,-2.0753008,-25.1165796,-6.283204,0.745450183,-6.348723817
ALA:67,15.1569552,-2.335352,-2.1906424,-3.0639932,0.525910277,8.092877877
MET:68,23.3471276,-5.8918992,-0.8593832,-2.4255508,0.540254555,14.71054895
GLN:71,31.2158244,-5.2972108,-80.2357824,-4.8381868,0.436999141,-58.71835646
TYR:72,25.9308432,-7.3348952,-26.3510736,-3.8249536,0.160762104,-11.4193171
ARG:74,29.8236604,-5.4558288,-217.9732024,20.4598636,0.90306741,-172.2424398
THR:75,22.1429784,-2.6164336,-38.982438,-3.804424,0.408062915,-22.85225429
ASP:155,21.8509316,-2.6630092,7.34921,-84.3629928,0.538575892,-57.28728451
TYR:158,25.6563576,-5.748656,-27.8378548,-4.5182124,0.370101329,-12.07826427
THR:159,23.040324,-3.7482656,-36.4280428,-0.5644168,0.204703396,-17.4956978
ARG:162,29.5898112,-5.6094392,-239.6277276,33.6694004,0.73022146,-181.2477337
