state,pc1,pc2,free_energy_kJ_mol,frame_index,time_ps,distance_in_PC_space
State_01,4.335441321428572,0.7285766785714287,0.0,27116,271160.0,0.010944027558748595
State_02,4.2078992500000005,0.4492648214285708,0.05712394292308076,24960,249600.0,0.006124381562489404
State_03,0.6367212499999999,-0.5283266785714282,0.40004532438301155,31194,311940.0,0.01095275714251699
State_04,0.25409503571428615,-3.4611011785714285,0.5108337222959562,19271,192710.0,0.01604611556123786
State_05,0.7642633214285706,-3.600757107142857,0.9379730240416109,20657,206570.0,0.007545684630526487
