state,pc1,pc2,free_energy_kJ_mol,frame_index,time_ps,distance_in_PC_space
State_01,13.335106321428569,-1.0027470000000136,0.0,49476,494760.0,0.005319970162686445
State_02,-30.884362464285715,-26.298197000000005,9.715904478628243,24204,242040.0,0.14013095512540416
State_03,-35.50430696428572,-7.073655000000006,9.847352519146494,17507,175070.0,0.09172257966242063
State_04,-25.604425892857144,-34.392741,9.99680544327784,8302,83020.0,0.09269967867881021
State_05,-23.62444967857143,-36.41637700000001,10.099778919001654,8281,82810.0,0.1661083669470442
